id,company,logo_url
1,지니원(개인전용),https://rentalshop.site/_data/file/supplier/46a58d86b8681fb26935df1e168a7c8e.png
2,현대렌탈서비스,https://rentalshop.site/_data/file/supplier/b059b890339a1a3facc0808a86cdcc76.png
3,스마트렌탈,https://rentalshop.site/_data/file/supplier/7a2ae51279ccbc8699663c540be37eb2.png
4,LG헬로비전,https://rentalshop.site/_data/file/supplier/20713177b7bd5803fe74b432af0d06f6.png
5,렌티스,https://rentalshop.site/_data/file/supplier/fb3747e3842c83cae5381ef068e8bd9d.JPG
6,BS ON,https://rentalshop.site/_data/file/supplier/45f9f6c168c61bbffaf585ea2ea53f02.jpg
7,LG구독,https://rentalshop.site/_data/file/supplier/ea5952f8b69129e6d2171dd7ce03f2be.jpg
8,위더스렌탈,https://rentalshop.site/_data/file/supplier/50d6fed8524d005adf1c7e322b243247.png
9,인터넷통신,https://rentalshop.site/_data/file/supplier/195d29eb43c15fe87bc93c45cf8f9adf.jpg
10,쿠쿠,https://rentalshop.site/_data/file/supplier/405ac87d33dd53e8134084948a8aef7f.png
11,코웨이,https://rentalshop.site/_data/file/supplier/3a0c627bd99f99b75276cfe1f7c60077.png
12,교원웰스,https://rentalshop.site/_data/file/supplier/9f90bf6c6d8724c1570cb20c2580542b.png
13,렌타나,https://rentalshop.site/_data/file/supplier/5e18f2e06947ef9c34ada88919a5aaf7.png
14,SK매직,https://rentalshop.site/_data/file/supplier/10d1e44099bb381d10a467dfd142ecf4.png
15,자이글렌탈,https://rentalshop.site/_data/file/supplier/82faa8f2101ff922b4eece06cdbed956.png
16,지니원(사업자전용),https://rentalshop.site/_data/file/supplier/0a197a8f15add6688dfaa29e136b3f5c.png
17,현대렌탈케어,https://rentalshop.site/_data/file/supplier/db6dc19fa57c16de9c6f33f5b0c6207b.png
18,세스코,https://rentalshop.site/_data/file/supplier/632ee02a86a040ab59ad48d5994807d9.JPG
19,차량렌트서비스,https://rentalshop.site/_data/file/supplier/24532c6b7b7d70068941da831ed55118.JPG
20,캐리어렌탈,https://rentalshop.site/_data/file/supplier/f15dbe3aa2c56c6afb2332d4e8149434.png
21,루헨스,https://rentalshop.site/_data/file/supplier/481c28d19392682464df47f1fcceb158.png
22,KT CCTV (할부),https://rentalshop.site/_data/file/supplier/fd744de111fae90bec56d16935ffcb57.jpg
23,YU코퍼레이션,https://rentalshop.site/_data/file/supplier/1c28b74807ff0d350c1a287a770e6bbb.jpg
24,하나렌탈(브라더),https://rentalshop.site/_data/file/supplier/2d2da88c3c21b64dbe49fe0100547756.png
25,패스트네트웍스,https://rentalshop.site/_data/file/supplier/651adb0767e71049f54a361b56878f3c.png
26,SI PAY(키오스크/할부),https://rentalshop.site/_data/file/supplier/52db43c4c60072b6a395958159bf253a.jpg
27,청호나이스,https://rentalshop.site/_data/file/supplier/af49996e942fe61ed4b23251668b1ee7.png
